[
{
    "model": "auth.permission",
    "pk": 1,
    "fields": {
        "name": "Can add log entry",
        "content_type": 1,
        "codename": "add_logentry"
    }
},
{
    "model": "auth.permission",
    "pk": 2,
    "fields": {
        "name": "Can change log entry",
        "content_type": 1,
        "codename": "change_logentry"
    }
},
{
    "model": "auth.permission",
    "pk": 3,
    "fields": {
        "name": "Can delete log entry",
        "content_type": 1,
        "codename": "delete_logentry"
    }
},
{
    "model": "auth.permission",
    "pk": 4,
    "fields": {
        "name": "Can view log entry",
        "content_type": 1,
        "codename": "view_logentry"
    }
},
{
    "model": "auth.permission",
    "pk": 5,
    "fields": {
        "name": "Can add permission",
        "content_type": 2,
        "codename": "add_permission"
    }
},
{
    "model": "auth.permission",
    "pk": 6,
    "fields": {
        "name": "Can change permission",
        "content_type": 2,
        "codename": "change_permission"
    }
},
{
    "model": "auth.permission",
    "pk": 7,
    "fields": {
        "name": "Can delete permission",
        "content_type": 2,
        "codename": "delete_permission"
    }
},
{
    "model": "auth.permission",
    "pk": 8,
    "fields": {
        "name": "Can view permission",
        "content_type": 2,
        "codename": "view_permission"
    }
},
{
    "model": "auth.permission",
    "pk": 9,
    "fields": {
        "name": "Can add group",
        "content_type": 3,
        "codename": "add_group"
    }
},
{
    "model": "auth.permission",
    "pk": 10,
    "fields": {
        "name": "Can change group",
        "content_type": 3,
        "codename": "change_group"
    }
},
{
    "model": "auth.permission",
    "pk": 11,
    "fields": {
        "name": "Can delete group",
        "content_type": 3,
        "codename": "delete_group"
    }
},
{
    "model": "auth.permission",
    "pk": 12,
    "fields": {
        "name": "Can view group",
        "content_type": 3,
        "codename": "view_group"
    }
},
{
    "model": "auth.permission",
    "pk": 13,
    "fields": {
        "name": "Can add user",
        "content_type": 4,
        "codename": "add_user"
    }
},
{
    "model": "auth.permission",
    "pk": 14,
    "fields": {
        "name": "Can change user",
        "content_type": 4,
        "codename": "change_user"
    }
},
{
    "model": "auth.permission",
    "pk": 15,
    "fields": {
        "name": "Can delete user",
        "content_type": 4,
        "codename": "delete_user"
    }
},
{
    "model": "auth.permission",
    "pk": 16,
    "fields": {
        "name": "Can view user",
        "content_type": 4,
        "codename": "view_user"
    }
},
{
    "model": "auth.permission",
    "pk": 17,
    "fields": {
        "name": "Can add content type",
        "content_type": 5,
        "codename": "add_contenttype"
    }
},
{
    "model": "auth.permission",
    "pk": 18,
    "fields": {
        "name": "Can change content type",
        "content_type": 5,
        "codename": "change_contenttype"
    }
},
{
    "model": "auth.permission",
    "pk": 19,
    "fields": {
        "name": "Can delete content type",
        "content_type": 5,
        "codename": "delete_contenttype"
    }
},
{
    "model": "auth.permission",
    "pk": 20,
    "fields": {
        "name": "Can view content type",
        "content_type": 5,
        "codename": "view_contenttype"
    }
},
{
    "model": "auth.permission",
    "pk": 21,
    "fields": {
        "name": "Can add session",
        "content_type": 6,
        "codename": "add_session"
    }
},
{
    "model": "auth.permission",
    "pk": 22,
    "fields": {
        "name": "Can change session",
        "content_type": 6,
        "codename": "change_session"
    }
},
{
    "model": "auth.permission",
    "pk": 23,
    "fields": {
        "name": "Can delete session",
        "content_type": 6,
        "codename": "delete_session"
    }
},
{
    "model": "auth.permission",
    "pk": 24,
    "fields": {
        "name": "Can view session",
        "content_type": 6,
        "codename": "view_session"
    }
},
{
    "model": "auth.permission",
    "pk": 25,
    "fields": {
        "name": "Can add cliente",
        "content_type": 7,
        "codename": "add_cliente"
    }
},
{
    "model": "auth.permission",
    "pk": 26,
    "fields": {
        "name": "Can change cliente",
        "content_type": 7,
        "codename": "change_cliente"
    }
},
{
    "model": "auth.permission",
    "pk": 27,
    "fields": {
        "name": "Can delete cliente",
        "content_type": 7,
        "codename": "delete_cliente"
    }
},
{
    "model": "auth.permission",
    "pk": 28,
    "fields": {
        "name": "Can view cliente",
        "content_type": 7,
        "codename": "view_cliente"
    }
},
{
    "model": "auth.permission",
    "pk": 29,
    "fields": {
        "name": "Can add coche",
        "content_type": 8,
        "codename": "add_coche"
    }
},
{
    "model": "auth.permission",
    "pk": 30,
    "fields": {
        "name": "Can change coche",
        "content_type": 8,
        "codename": "change_coche"
    }
},
{
    "model": "auth.permission",
    "pk": 31,
    "fields": {
        "name": "Can delete coche",
        "content_type": 8,
        "codename": "delete_coche"
    }
},
{
    "model": "auth.permission",
    "pk": 32,
    "fields": {
        "name": "Can view coche",
        "content_type": 8,
        "codename": "view_coche"
    }
},
{
    "model": "auth.permission",
    "pk": 33,
    "fields": {
        "name": "Can add personal",
        "content_type": 9,
        "codename": "add_personal"
    }
},
{
    "model": "auth.permission",
    "pk": 34,
    "fields": {
        "name": "Can change personal",
        "content_type": 9,
        "codename": "change_personal"
    }
},
{
    "model": "auth.permission",
    "pk": 35,
    "fields": {
        "name": "Can delete personal",
        "content_type": 9,
        "codename": "delete_personal"
    }
},
{
    "model": "auth.permission",
    "pk": 36,
    "fields": {
        "name": "Can view personal",
        "content_type": 9,
        "codename": "view_personal"
    }
},
{
    "model": "auth.permission",
    "pk": 37,
    "fields": {
        "name": "Can add proveedor",
        "content_type": 10,
        "codename": "add_proveedor"
    }
},
{
    "model": "auth.permission",
    "pk": 38,
    "fields": {
        "name": "Can change proveedor",
        "content_type": 10,
        "codename": "change_proveedor"
    }
},
{
    "model": "auth.permission",
    "pk": 39,
    "fields": {
        "name": "Can delete proveedor",
        "content_type": 10,
        "codename": "delete_proveedor"
    }
},
{
    "model": "auth.permission",
    "pk": 40,
    "fields": {
        "name": "Can view proveedor",
        "content_type": 10,
        "codename": "view_proveedor"
    }
},
{
    "model": "auth.permission",
    "pk": 41,
    "fields": {
        "name": "Can add categoria coche",
        "content_type": 11,
        "codename": "add_categoriacoche"
    }
},
{
    "model": "auth.permission",
    "pk": 42,
    "fields": {
        "name": "Can change categoria coche",
        "content_type": 11,
        "codename": "change_categoriacoche"
    }
},
{
    "model": "auth.permission",
    "pk": 43,
    "fields": {
        "name": "Can delete categoria coche",
        "content_type": 11,
        "codename": "delete_categoriacoche"
    }
},
{
    "model": "auth.permission",
    "pk": 44,
    "fields": {
        "name": "Can view categoria coche",
        "content_type": 11,
        "codename": "view_categoriacoche"
    }
},
{
    "model": "auth.permission",
    "pk": 45,
    "fields": {
        "name": "Can add direccion cliente",
        "content_type": 12,
        "codename": "add_direccioncliente"
    }
},
{
    "model": "auth.permission",
    "pk": 46,
    "fields": {
        "name": "Can change direccion cliente",
        "content_type": 12,
        "codename": "change_direccioncliente"
    }
},
{
    "model": "auth.permission",
    "pk": 47,
    "fields": {
        "name": "Can delete direccion cliente",
        "content_type": 12,
        "codename": "delete_direccioncliente"
    }
},
{
    "model": "auth.permission",
    "pk": 48,
    "fields": {
        "name": "Can view direccion cliente",
        "content_type": 12,
        "codename": "view_direccioncliente"
    }
},
{
    "model": "auth.permission",
    "pk": 49,
    "fields": {
        "name": "Can add mantenimiento",
        "content_type": 13,
        "codename": "add_mantenimiento"
    }
},
{
    "model": "auth.permission",
    "pk": 50,
    "fields": {
        "name": "Can change mantenimiento",
        "content_type": 13,
        "codename": "change_mantenimiento"
    }
},
{
    "model": "auth.permission",
    "pk": 51,
    "fields": {
        "name": "Can delete mantenimiento",
        "content_type": 13,
        "codename": "delete_mantenimiento"
    }
},
{
    "model": "auth.permission",
    "pk": 52,
    "fields": {
        "name": "Can view mantenimiento",
        "content_type": 13,
        "codename": "view_mantenimiento"
    }
},
{
    "model": "auth.permission",
    "pk": 53,
    "fields": {
        "name": "Can add contrato proveedor",
        "content_type": 14,
        "codename": "add_contratoproveedor"
    }
},
{
    "model": "auth.permission",
    "pk": 54,
    "fields": {
        "name": "Can change contrato proveedor",
        "content_type": 14,
        "codename": "change_contratoproveedor"
    }
},
{
    "model": "auth.permission",
    "pk": 55,
    "fields": {
        "name": "Can delete contrato proveedor",
        "content_type": 14,
        "codename": "delete_contratoproveedor"
    }
},
{
    "model": "auth.permission",
    "pk": 56,
    "fields": {
        "name": "Can view contrato proveedor",
        "content_type": 14,
        "codename": "view_contratoproveedor"
    }
},
{
    "model": "auth.permission",
    "pk": 57,
    "fields": {
        "name": "Can add test drive",
        "content_type": 15,
        "codename": "add_testdrive"
    }
},
{
    "model": "auth.permission",
    "pk": 58,
    "fields": {
        "name": "Can change test drive",
        "content_type": 15,
        "codename": "change_testdrive"
    }
},
{
    "model": "auth.permission",
    "pk": 59,
    "fields": {
        "name": "Can delete test drive",
        "content_type": 15,
        "codename": "delete_testdrive"
    }
},
{
    "model": "auth.permission",
    "pk": 60,
    "fields": {
        "name": "Can view test drive",
        "content_type": 15,
        "codename": "view_testdrive"
    }
},
{
    "model": "auth.permission",
    "pk": 61,
    "fields": {
        "name": "Can add venta",
        "content_type": 16,
        "codename": "add_venta"
    }
},
{
    "model": "auth.permission",
    "pk": 62,
    "fields": {
        "name": "Can change venta",
        "content_type": 16,
        "codename": "change_venta"
    }
},
{
    "model": "auth.permission",
    "pk": 63,
    "fields": {
        "name": "Can delete venta",
        "content_type": 16,
        "codename": "delete_venta"
    }
},
{
    "model": "auth.permission",
    "pk": 64,
    "fields": {
        "name": "Can view venta",
        "content_type": 16,
        "codename": "view_venta"
    }
},
{
    "model": "contenttypes.contenttype",
    "pk": 1,
    "fields": {
        "app_label": "admin",
        "model": "logentry"
    }
},
{
    "model": "contenttypes.contenttype",
    "pk": 2,
    "fields": {
        "app_label": "auth",
        "model": "permission"
    }
},
{
    "model": "contenttypes.contenttype",
    "pk": 3,
    "fields": {
        "app_label": "auth",
        "model": "group"
    }
},
{
    "model": "contenttypes.contenttype",
    "pk": 4,
    "fields": {
        "app_label": "auth",
        "model": "user"
    }
},
{
    "model": "contenttypes.contenttype",
    "pk": 5,
    "fields": {
        "app_label": "contenttypes",
        "model": "contenttype"
    }
},
{
    "model": "contenttypes.contenttype",
    "pk": 6,
    "fields": {
        "app_label": "sessions",
        "model": "session"
    }
},
{
    "model": "contenttypes.contenttype",
    "pk": 7,
    "fields": {
        "app_label": "concesionario",
        "model": "cliente"
    }
},
{
    "model": "contenttypes.contenttype",
    "pk": 8,
    "fields": {
        "app_label": "concesionario",
        "model": "coche"
    }
},
{
    "model": "contenttypes.contenttype",
    "pk": 9,
    "fields": {
        "app_label": "concesionario",
        "model": "personal"
    }
},
{
    "model": "contenttypes.contenttype",
    "pk": 10,
    "fields": {
        "app_label": "concesionario",
        "model": "proveedor"
    }
},
{
    "model": "contenttypes.contenttype",
    "pk": 11,
    "fields": {
        "app_label": "concesionario",
        "model": "categoriacoche"
    }
},
{
    "model": "contenttypes.contenttype",
    "pk": 12,
    "fields": {
        "app_label": "concesionario",
        "model": "direccioncliente"
    }
},
{
    "model": "contenttypes.contenttype",
    "pk": 13,
    "fields": {
        "app_label": "concesionario",
        "model": "mantenimiento"
    }
},
{
    "model": "contenttypes.contenttype",
    "pk": 14,
    "fields": {
        "app_label": "concesionario",
        "model": "contratoproveedor"
    }
},
{
    "model": "contenttypes.contenttype",
    "pk": 15,
    "fields": {
        "app_label": "concesionario",
        "model": "testdrive"
    }
},
{
    "model": "contenttypes.contenttype",
    "pk": 16,
    "fields": {
        "app_label": "concesionario",
        "model": "venta"
    }
},
{
    "model": "concesionario.coche",
    "pk": 1,
    "fields": {
        "marca": "Community least ask brother force.",
        "modelo": "Figure their should chair business.",
        "año": -25065,
        "precio": "0.64"
    }
},
{
    "model": "concesionario.coche",
    "pk": 2,
    "fields": {
        "marca": "And gun high job than important.",
        "modelo": "Buy save ago reveal east thank.",
        "año": 19915,
        "precio": "0.63"
    }
},
{
    "model": "concesionario.coche",
    "pk": 3,
    "fields": {
        "marca": "Little three natural buy eat.",
        "modelo": "Police activity after may lose poor yourself.",
        "año": -29102,
        "precio": "0.17"
    }
},
{
    "model": "concesionario.coche",
    "pk": 4,
    "fields": {
        "marca": "Decade for military power dog teacher.",
        "modelo": "Science individual need.",
        "año": 5687,
        "precio": "0.59"
    }
},
{
    "model": "concesionario.coche",
    "pk": 5,
    "fields": {
        "marca": "Name week agree claim peace business alone.",
        "modelo": "From particular your town.",
        "año": 25732,
        "precio": "0.55"
    }
},
{
    "model": "concesionario.coche",
    "pk": 6,
    "fields": {
        "marca": "Prove quite season ground.",
        "modelo": "Believe fear American like well away factor.",
        "año": 32445,
        "precio": "0.28"
    }
},
{
    "model": "concesionario.coche",
    "pk": 7,
    "fields": {
        "marca": "Note expect natural agency administration.",
        "modelo": "To boy than. Operation nation perform laugh.",
        "año": -30865,
        "precio": "0.20"
    }
},
{
    "model": "concesionario.coche",
    "pk": 8,
    "fields": {
        "marca": "Society bank practice politics plan successful.",
        "modelo": "Such box carry pattern maintain.",
        "año": -4478,
        "precio": "0.49"
    }
},
{
    "model": "concesionario.coche",
    "pk": 9,
    "fields": {
        "marca": "Despite ever partner from tough.",
        "modelo": "Its through fly mission adult on certain.",
        "año": -6924,
        "precio": "0.43"
    }
},
{
    "model": "concesionario.coche",
    "pk": 10,
    "fields": {
        "marca": "Behind energy culture difference stage wrong.",
        "modelo": "Daughter single name low.",
        "año": 30714,
        "precio": "0.56"
    }
},
{
    "model": "concesionario.coche",
    "pk": 11,
    "fields": {
        "marca": "Culture early company field. Mr owner or too.",
        "modelo": "Century above expect reality.",
        "año": 14385,
        "precio": "0.60"
    }
},
{
    "model": "concesionario.coche",
    "pk": 12,
    "fields": {
        "marca": "Hand somebody when everyone hit.",
        "modelo": "Staff star there watch.",
        "año": 8688,
        "precio": "0.41"
    }
},
{
    "model": "concesionario.coche",
    "pk": 13,
    "fields": {
        "marca": "Purpose once alone option bill daughter world.",
        "modelo": "Police hot wait range sport education growth.",
        "año": 17842,
        "precio": "0.57"
    }
},
{
    "model": "concesionario.coche",
    "pk": 14,
    "fields": {
        "marca": "Growth policy simply mind case thank soon.",
        "modelo": "Rock seat about friend.",
        "año": 11837,
        "precio": "0.81"
    }
},
{
    "model": "concesionario.coche",
    "pk": 15,
    "fields": {
        "marca": "Collection although shoulder series.",
        "modelo": "Democratic others chair president out great.",
        "año": -17054,
        "precio": "0.29"
    }
},
{
    "model": "concesionario.cliente",
    "pk": 1,
    "fields": {
        "nombre": "Technology against its. Carry final herself. Information its table son.",
        "apellido": "Must consider yourself baby special. Store listen according Mrs.",
        "email": "weaveralexandra@example.org",
        "telefono": "Feeling."
    }
},
{
    "model": "concesionario.cliente",
    "pk": 2,
    "fields": {
        "nombre": "Economy space between recent expect. Oil phone suffer. Every whom pull police loss there.",
        "apellido": "Accept of young behavior evidence. Bill pretty coach history without energy wear.",
        "email": "morgansamantha@example.net",
        "telefono": "Dark win close."
    }
},
{
    "model": "concesionario.cliente",
    "pk": 3,
    "fields": {
        "nombre": "Last major field radio. Direction sea another attack on. Pick student real edge parent.",
        "apellido": "Remember play question throughout party bill. Important let note seem.",
        "email": "freemanscott@example.net",
        "telefono": "Would include."
    }
},
{
    "model": "concesionario.cliente",
    "pk": 4,
    "fields": {
        "nombre": "Worker force business magazine between lawyer painting. Remember chair employee likely get.",
        "apellido": "Country action something perhaps fine purpose role. Allow next parent Democrat.",
        "email": "benjaminestes@example.com",
        "telefono": "Now concern."
    }
},
{
    "model": "concesionario.cliente",
    "pk": 5,
    "fields": {
        "nombre": "Painting learn nor question positive establish standard. General start market glass.",
        "apellido": "Prevent system do figure state mouth. Ok record research show commercial.",
        "email": "ivanrobinson@example.net",
        "telefono": "Likely."
    }
},
{
    "model": "concesionario.cliente",
    "pk": 6,
    "fields": {
        "nombre": "Throughout home can sense key morning. A offer mission.",
        "apellido": "Same full together three choose. Owner government attention say beyond herself.",
        "email": "qbenson@example.org",
        "telefono": "Decide memory."
    }
},
{
    "model": "concesionario.cliente",
    "pk": 7,
    "fields": {
        "nombre": "Modern follow begin wind pull law media.",
        "apellido": "For much unit executive. Drop toward write edge.",
        "email": "jermainegeorge@example.com",
        "telefono": "Already order."
    }
},
{
    "model": "concesionario.cliente",
    "pk": 8,
    "fields": {
        "nombre": "Task point develop policy pattern nice. Buy culture mother long west choose.",
        "apellido": "Blood teach body player think animal. Pass best sister whatever.",
        "email": "tonichaney@example.com",
        "telefono": "Use behavior."
    }
},
{
    "model": "concesionario.cliente",
    "pk": 9,
    "fields": {
        "nombre": "Necessary industry what beat. Statement although hot prepare must lead.",
        "apellido": "Maybe suddenly television change word. Nearly billion them.",
        "email": "kimberlynewman@example.com",
        "telefono": "Clear soldier."
    }
},
{
    "model": "concesionario.cliente",
    "pk": 10,
    "fields": {
        "nombre": "Fact teach west.",
        "apellido": "Pull source himself gas. Both compare several in time adult television.",
        "email": "angelamorales@example.com",
        "telefono": "Style fact."
    }
},
{
    "model": "concesionario.cliente",
    "pk": 11,
    "fields": {
        "nombre": "Measure lay over market. Project current open arrive.",
        "apellido": "Year choice kitchen market happy consider. Avoid move lose or. Modern inside to you soldier.",
        "email": "karenroberts@example.net",
        "telefono": "Hospital."
    }
},
{
    "model": "concesionario.cliente",
    "pk": 12,
    "fields": {
        "nombre": "Professor western bit positive. Politics throughout decide ago southern.",
        "apellido": "Medical check kitchen.",
        "email": "icampbell@example.org",
        "telefono": "Ball now staff."
    }
},
{
    "model": "concesionario.cliente",
    "pk": 13,
    "fields": {
        "nombre": "Occur how letter three. Our American later body traditional.",
        "apellido": "General TV sure near public. Off measure upon reveal marriage.",
        "email": "scotttheresa@example.org",
        "telefono": "Threat help."
    }
},
{
    "model": "concesionario.cliente",
    "pk": 14,
    "fields": {
        "nombre": "Consumer law hundred big. Agree majority degree number discover. Understand become answer concern.",
        "apellido": "Present close knowledge police. Fall tax financial speech owner stand series.",
        "email": "ycrosby@example.com",
        "telefono": "Resource."
    }
},
{
    "model": "concesionario.cliente",
    "pk": 15,
    "fields": {
        "nombre": "Who human bit stop customer.",
        "apellido": "Land someone everything well. Expert mind send without street account.",
        "email": "kimalexander@example.org",
        "telefono": "Five interest."
    }
},
{
    "model": "concesionario.venta",
    "pk": 1,
    "fields": {
        "coche": 9,
        "cliente": 1,
        "fecha": "1991-11-17",
        "vendedor": 4
    }
},
{
    "model": "concesionario.venta",
    "pk": 2,
    "fields": {
        "coche": 9,
        "cliente": 12,
        "fecha": "1988-02-09",
        "vendedor": 14
    }
},
{
    "model": "concesionario.venta",
    "pk": 3,
    "fields": {
        "coche": 4,
        "cliente": 12,
        "fecha": "2004-08-08",
        "vendedor": 3
    }
},
{
    "model": "concesionario.venta",
    "pk": 4,
    "fields": {
        "coche": 11,
        "cliente": 1,
        "fecha": "2021-09-21",
        "vendedor": 8
    }
},
{
    "model": "concesionario.venta",
    "pk": 5,
    "fields": {
        "coche": 13,
        "cliente": 10,
        "fecha": "2001-01-29",
        "vendedor": 7
    }
},
{
    "model": "concesionario.venta",
    "pk": 6,
    "fields": {
        "coche": 4,
        "cliente": 10,
        "fecha": "1979-05-24",
        "vendedor": 15
    }
},
{
    "model": "concesionario.venta",
    "pk": 7,
    "fields": {
        "coche": 9,
        "cliente": 7,
        "fecha": "1986-08-15",
        "vendedor": 1
    }
},
{
    "model": "concesionario.venta",
    "pk": 8,
    "fields": {
        "coche": 3,
        "cliente": 15,
        "fecha": "1985-10-13",
        "vendedor": 2
    }
},
{
    "model": "concesionario.venta",
    "pk": 9,
    "fields": {
        "coche": 2,
        "cliente": 9,
        "fecha": "2007-03-11",
        "vendedor": 5
    }
},
{
    "model": "concesionario.venta",
    "pk": 10,
    "fields": {
        "coche": 14,
        "cliente": 14,
        "fecha": "2010-01-29",
        "vendedor": 12
    }
},
{
    "model": "concesionario.venta",
    "pk": 11,
    "fields": {
        "coche": 7,
        "cliente": 10,
        "fecha": "2014-02-13",
        "vendedor": 14
    }
},
{
    "model": "concesionario.venta",
    "pk": 12,
    "fields": {
        "coche": 1,
        "cliente": 3,
        "fecha": "2007-04-19",
        "vendedor": 1
    }
},
{
    "model": "concesionario.venta",
    "pk": 13,
    "fields": {
        "coche": 3,
        "cliente": 4,
        "fecha": "2024-01-19",
        "vendedor": 12
    }
},
{
    "model": "concesionario.venta",
    "pk": 14,
    "fields": {
        "coche": 13,
        "cliente": 14,
        "fecha": "1980-04-09",
        "vendedor": 8
    }
},
{
    "model": "concesionario.venta",
    "pk": 15,
    "fields": {
        "coche": 6,
        "cliente": 9,
        "fecha": "2012-01-29",
        "vendedor": 6
    }
},
{
    "model": "concesionario.personal",
    "pk": 1,
    "fields": {
        "nombre": "Word middle health talk Mrs. Such know civil near test.\nField feeling on such mean.",
        "apellido": "How man difficult nature take approach moment.",
        "email": "vincent58@example.com",
        "cargo": "Admit kind matter."
    }
},
{
    "model": "concesionario.personal",
    "pk": 2,
    "fields": {
        "nombre": "Few again drug with that service. Magazine society board learn behind.",
        "apellido": "Huge bag fill attorney. They occur control family institution no.",
        "email": "ortizamanda@example.net",
        "cargo": "Onto pattern happy everything power."
    }
},
{
    "model": "concesionario.personal",
    "pk": 3,
    "fields": {
        "nombre": "Them identify turn. Shoulder movement show. Environment structure kitchen growth fire.",
        "apellido": "Loss provide study kid main. Light national something hit low. Door brother really answer cup.",
        "email": "darrengonzalez@example.net",
        "cargo": "Board this staff."
    }
},
{
    "model": "concesionario.personal",
    "pk": 4,
    "fields": {
        "nombre": "Fast front beyond wife over. Area court paper them.",
        "apellido": "Test political finish. What Republican more big current laugh. Should vote hospital specific.",
        "email": "christophermeyer@example.net",
        "cargo": "Where fight popular likely young them school."
    }
},
{
    "model": "concesionario.personal",
    "pk": 5,
    "fields": {
        "nombre": "As again choose. Color book heart.",
        "apellido": "Plan affect peace remain. Meet explain by church.",
        "email": "dstrickland@example.com",
        "cargo": "Agency eat nice myself feeling page then."
    }
},
{
    "model": "concesionario.personal",
    "pk": 6,
    "fields": {
        "nombre": "Team factor all. Draw world high edge. Size participant style operation.",
        "apellido": "Company sit American share. Simple step push TV approach natural sing something.",
        "email": "veronicakidd@example.org",
        "cargo": "Film do reduce. Coach weight father reflect."
    }
},
{
    "model": "concesionario.personal",
    "pk": 7,
    "fields": {
        "nombre": "Here again less owner north. Represent meet author citizen market you.",
        "apellido": "Team individual history. Six least prevent.\nEnd education single idea.",
        "email": "robert62@example.com",
        "cargo": "Myself take husband organization name Mrs."
    }
},
{
    "model": "concesionario.personal",
    "pk": 8,
    "fields": {
        "nombre": "Stage wait culture at these. We lot never Congress case.",
        "apellido": "Stage business sister any positive.",
        "email": "turneralex@example.org",
        "cargo": "Surface risk likely keep left."
    }
},
{
    "model": "concesionario.personal",
    "pk": 9,
    "fields": {
        "nombre": "Material store leave to least. Onto new phone community far create.",
        "apellido": "Suggest science same near value. Heavy indeed room. Threat before cause structure health.",
        "email": "petersmith@example.com",
        "cargo": "Candidate dream central ever."
    }
},
{
    "model": "concesionario.personal",
    "pk": 10,
    "fields": {
        "nombre": "Leave event exactly admit order knowledge. Approach reduce central.",
        "apellido": "Simply there interesting vote. Foreign next exist by. Provide politics season team growth dark.",
        "email": "conleyelizabeth@example.net",
        "cargo": "Rule her these wife."
    }
},
{
    "model": "concesionario.personal",
    "pk": 11,
    "fields": {
        "nombre": "Change rest quite.",
        "apellido": "Tend candidate reality person. Agree this example news.",
        "email": "watsongabriel@example.com",
        "cargo": "Despite follow us."
    }
},
{
    "model": "concesionario.personal",
    "pk": 12,
    "fields": {
        "nombre": "Stuff lay heart movement show. As bag whether world affect recently language against.",
        "apellido": "Meet lead bed open miss law stuff. Win whether amount art item.",
        "email": "omoreno@example.org",
        "cargo": "Charge want world seek herself state."
    }
},
{
    "model": "concesionario.personal",
    "pk": 13,
    "fields": {
        "nombre": "Hit probably unit never. Policy direction impact mention player. Boy those law.",
        "apellido": "Expect even Democrat beyond. Traditional cover change few north magazine.",
        "email": "ybell@example.com",
        "cargo": "Way at would she movement."
    }
},
{
    "model": "concesionario.personal",
    "pk": 14,
    "fields": {
        "nombre": "Floor nature question picture score past learn sing.",
        "apellido": "Special certain white garden.\nScene participant pass threat. Behind sea entire after.",
        "email": "emmabell@example.net",
        "cargo": "Stuff spring she event defense."
    }
},
{
    "model": "concesionario.personal",
    "pk": 15,
    "fields": {
        "nombre": "Agreement ever front age.",
        "apellido": "Themselves enter if city significant tree whom. Name for body maintain.",
        "email": "taylormary@example.org",
        "cargo": "Suffer involve exist loss."
    }
},
{
    "model": "concesionario.proveedor",
    "pk": 1,
    "fields": {
        "nombre_empresa": "Example true live drug. Travel black miss.",
        "contacto": "Produce door point adult full number. Behavior something edge agreement tree.",
        "email": "jessica91@example.com",
        "telefono": "Child whatever."
    }
},
{
    "model": "concesionario.proveedor",
    "pk": 2,
    "fields": {
        "nombre_empresa": "Human special computer. Perhaps middle add woman country hand.",
        "contacto": "Cell fight together knowledge dinner democratic together. Wind PM nice along. Amount doctor away.",
        "email": "gabrielanguyen@example.net",
        "telefono": "Center."
    }
},
{
    "model": "concesionario.proveedor",
    "pk": 3,
    "fields": {
        "nombre_empresa": "See drug call rate of before. Drop sport process. Cold so discover good professor hold.",
        "contacto": "Candidate add term company. Cover effort activity watch view on.",
        "email": "asellers@example.com",
        "telefono": "Morning fine."
    }
},
{
    "model": "concesionario.proveedor",
    "pk": 4,
    "fields": {
        "nombre_empresa": "Such seem expert. Especially box mean. Ok actually among sing similar opportunity.",
        "contacto": "Religious call feel. Actually fire baby leader. Protect night two health.",
        "email": "carolinehumphrey@example.org",
        "telefono": "Thank company."
    }
},
{
    "model": "concesionario.proveedor",
    "pk": 5,
    "fields": {
        "nombre_empresa": "Worry by by make teach. Support business professor size from small when.",
        "contacto": "Call board build hand consumer audience. Drop yourself later audience grow else.",
        "email": "cohenmichael@example.com",
        "telefono": "Education."
    }
},
{
    "model": "concesionario.proveedor",
    "pk": 6,
    "fields": {
        "nombre_empresa": "Within hard support beat suddenly pretty at. Too stay camera us race campaign authority.",
        "contacto": "Away require trip.",
        "email": "tmueller@example.net",
        "telefono": "Else study."
    }
},
{
    "model": "concesionario.proveedor",
    "pk": 7,
    "fields": {
        "nombre_empresa": "Know final eight score. Very throw hard today she pressure before. Difficult red enter point.",
        "contacto": "Join but decade join drop. Boy interesting source still investment add billion.",
        "email": "stevensthomas@example.com",
        "telefono": "Feel health."
    }
},
{
    "model": "concesionario.proveedor",
    "pk": 8,
    "fields": {
        "nombre_empresa": "Rate age big seem. Career staff his and your. Street speak receive list arm interesting.",
        "contacto": "Chance sing medical discuss seat animal. Professor miss themselves.",
        "email": "mcintyretony@example.org",
        "telefono": "Thing hotel."
    }
},
{
    "model": "concesionario.proveedor",
    "pk": 9,
    "fields": {
        "nombre_empresa": "To grow minute woman take former PM job. Power five break.",
        "contacto": "Energy apply house meeting. Modern network player become west. Seem some a shoulder east.",
        "email": "christine47@example.com",
        "telefono": "Will daughter."
    }
},
{
    "model": "concesionario.proveedor",
    "pk": 10,
    "fields": {
        "nombre_empresa": "Air exist every produce phone call sea. Investment color spend fall share beyond letter.",
        "contacto": "Physical give week early war. Concern media value human.",
        "email": "josephharper@example.net",
        "telefono": "Member ten top."
    }
},
{
    "model": "concesionario.proveedor",
    "pk": 11,
    "fields": {
        "nombre_empresa": "World age identify agree last.",
        "contacto": "Land build deal mother with leave team. Same consider short night. Today figure through.",
        "email": "darryl50@example.net",
        "telefono": "Form fund."
    }
},
{
    "model": "concesionario.proveedor",
    "pk": 12,
    "fields": {
        "nombre_empresa": "Teacher between eat structure. Rich rich top star attorney on him. Chance need current remember.",
        "contacto": "Big miss movie use those. Image chair your. Relationship edge benefit chair trip Republican.",
        "email": "kbutler@example.com",
        "telefono": "Song buy fish."
    }
},
{
    "model": "concesionario.proveedor",
    "pk": 13,
    "fields": {
        "nombre_empresa": "View population company. Pretty west country way himself.",
        "contacto": "Performance table music order. Ball when sport pull month. Sing show site open during protect why.",
        "email": "robertthomas@example.org",
        "telefono": "Card more fine."
    }
},
{
    "model": "concesionario.proveedor",
    "pk": 14,
    "fields": {
        "nombre_empresa": "Light how approach school tough send. Pressure popular PM scene term at.",
        "contacto": "Term blue tell couple apply.",
        "email": "qbennett@example.org",
        "telefono": "Mother group."
    }
},
{
    "model": "concesionario.proveedor",
    "pk": 15,
    "fields": {
        "nombre_empresa": "Market want medical return compare else use. Above seven read trade occur yeah trip.",
        "contacto": "Factor find both painting. Stay music probably effect until brother. Yet seat sing crime rich.",
        "email": "bakerbeth@example.net",
        "telefono": "Tree someone."
    }
},
{
    "model": "concesionario.contratoproveedor",
    "pk": 1,
    "fields": {
        "proveedor": 4,
        "coche": 13,
        "fecha_contrato": "1970-11-09"
    }
},
{
    "model": "concesionario.contratoproveedor",
    "pk": 2,
    "fields": {
        "proveedor": 10,
        "coche": 3,
        "fecha_contrato": "2005-12-31"
    }
},
{
    "model": "concesionario.contratoproveedor",
    "pk": 3,
    "fields": {
        "proveedor": 9,
        "coche": 13,
        "fecha_contrato": "1970-03-27"
    }
},
{
    "model": "concesionario.contratoproveedor",
    "pk": 4,
    "fields": {
        "proveedor": 2,
        "coche": 14,
        "fecha_contrato": "1997-01-22"
    }
},
{
    "model": "concesionario.contratoproveedor",
    "pk": 5,
    "fields": {
        "proveedor": 4,
        "coche": 12,
        "fecha_contrato": "1990-08-19"
    }
},
{
    "model": "concesionario.contratoproveedor",
    "pk": 6,
    "fields": {
        "proveedor": 11,
        "coche": 5,
        "fecha_contrato": "2019-08-30"
    }
},
{
    "model": "concesionario.contratoproveedor",
    "pk": 7,
    "fields": {
        "proveedor": 3,
        "coche": 9,
        "fecha_contrato": "1973-03-31"
    }
},
{
    "model": "concesionario.contratoproveedor",
    "pk": 8,
    "fields": {
        "proveedor": 14,
        "coche": 10,
        "fecha_contrato": "2023-06-26"
    }
},
{
    "model": "concesionario.contratoproveedor",
    "pk": 9,
    "fields": {
        "proveedor": 13,
        "coche": 7,
        "fecha_contrato": "2003-09-28"
    }
},
{
    "model": "concesionario.contratoproveedor",
    "pk": 10,
    "fields": {
        "proveedor": 13,
        "coche": 11,
        "fecha_contrato": "1998-10-08"
    }
},
{
    "model": "concesionario.contratoproveedor",
    "pk": 11,
    "fields": {
        "proveedor": 8,
        "coche": 4,
        "fecha_contrato": "1976-09-29"
    }
},
{
    "model": "concesionario.contratoproveedor",
    "pk": 12,
    "fields": {
        "proveedor": 15,
        "coche": 6,
        "fecha_contrato": "1995-03-24"
    }
},
{
    "model": "concesionario.contratoproveedor",
    "pk": 13,
    "fields": {
        "proveedor": 11,
        "coche": 12,
        "fecha_contrato": "1985-08-06"
    }
},
{
    "model": "concesionario.contratoproveedor",
    "pk": 14,
    "fields": {
        "proveedor": 3,
        "coche": 1,
        "fecha_contrato": "2022-05-13"
    }
},
{
    "model": "concesionario.contratoproveedor",
    "pk": 15,
    "fields": {
        "proveedor": 5,
        "coche": 4,
        "fecha_contrato": "2004-08-15"
    }
},
{
    "model": "concesionario.mantenimiento",
    "pk": 1,
    "fields": {
        "coche": 15,
        "fecha_mantenimiento": "2012-10-08",
        "descripcion": "Now eat indeed manager bag stand. Listen recent take have guy edge.\nChoose poor fly act too. Former reflect establish edge. Meeting performance effect call majority Mrs reflect.",
        "costo": "0.39"
    }
},
{
    "model": "concesionario.mantenimiento",
    "pk": 2,
    "fields": {
        "coche": 7,
        "fecha_mantenimiento": "1985-04-14",
        "descripcion": "Say poor section building throughout film nation. Inside leg environment quickly parent.",
        "costo": "0.25"
    }
},
{
    "model": "concesionario.mantenimiento",
    "pk": 3,
    "fields": {
        "coche": 1,
        "fecha_mantenimiento": "2003-09-22",
        "descripcion": "Tell morning book growth crime president artist.\nRisk when treatment want quite. Training there western daughter particular.\nEntire with record risk factor impact.",
        "costo": "0.78"
    }
},
{
    "model": "concesionario.mantenimiento",
    "pk": 4,
    "fields": {
        "coche": 5,
        "fecha_mantenimiento": "2016-11-28",
        "descripcion": "Ok industry modern television physical. True employee history sing.\nAffect now once less third. Trade where where.\nTreatment about town light kind firm. To management vote per scene partner.",
        "costo": "0.82"
    }
},
{
    "model": "concesionario.mantenimiento",
    "pk": 5,
    "fields": {
        "coche": 14,
        "fecha_mantenimiento": "2014-07-25",
        "descripcion": "Significant condition stuff career finish figure score.\nFast any culture most quality piece account through. Series personal have according difference. Seat lawyer walk herself church task first.",
        "costo": "0.14"
    }
},
{
    "model": "concesionario.mantenimiento",
    "pk": 6,
    "fields": {
        "coche": 10,
        "fecha_mantenimiento": "1975-07-23",
        "descripcion": "For behavior hotel table material significant nearly. Series health interview simple city also job son.\nCulture decision lawyer drug begin. Republican simple study time. Member dream both vote.",
        "costo": "0.42"
    }
},
{
    "model": "concesionario.mantenimiento",
    "pk": 7,
    "fields": {
        "coche": 4,
        "fecha_mantenimiento": "2007-07-05",
        "descripcion": "Expert various something source within study.\nBetter wrong us in carry tend. Leg medical analysis cut add help.",
        "costo": "0.04"
    }
},
{
    "model": "concesionario.mantenimiento",
    "pk": 8,
    "fields": {
        "coche": 3,
        "fecha_mantenimiento": "1992-12-31",
        "descripcion": "Investment into then nation participant hour score. Most person benefit understand nature. Business class happy.\nLose act statement left. Practice develop sing view turn when.",
        "costo": "0.52"
    }
},
{
    "model": "concesionario.mantenimiento",
    "pk": 9,
    "fields": {
        "coche": 12,
        "fecha_mantenimiento": "1997-09-25",
        "descripcion": "Son trouble wind discussion simple. Five think two democratic.\nEat whole attack. Seek pass hot show gun fast. Know agree fast party last painting she recently.",
        "costo": "0.20"
    }
},
{
    "model": "concesionario.mantenimiento",
    "pk": 10,
    "fields": {
        "coche": 8,
        "fecha_mantenimiento": "1971-02-12",
        "descripcion": "Create develop poor fund pass wear however. Scientist above fund.\nDespite candidate tax hit hard of. Ground involve friend hot team important base either.",
        "costo": "0.59"
    }
},
{
    "model": "concesionario.mantenimiento",
    "pk": 11,
    "fields": {
        "coche": 6,
        "fecha_mantenimiento": "1977-05-31",
        "descripcion": "Other else I sit behavior. Hand week particular. At economy medical century other skill.\nHer son first try old personal. Kid report land decide. Yeah form number investment remain charge spend.",
        "costo": "0.31"
    }
},
{
    "model": "concesionario.mantenimiento",
    "pk": 12,
    "fields": {
        "coche": 11,
        "fecha_mantenimiento": "1974-06-29",
        "descripcion": "Find herself establish produce particularly simple. Gas hand get concern pass.\nActually own miss picture. Assume card per official pull. Attorney hit until beautiful bar various past.",
        "costo": "0.68"
    }
},
{
    "model": "concesionario.mantenimiento",
    "pk": 13,
    "fields": {
        "coche": 9,
        "fecha_mantenimiento": "2013-12-09",
        "descripcion": "Particularly difference defense support hope drug ahead field. Far happy wrong claim price must especially. Present admit inside teacher player civil fine difference.",
        "costo": "0.42"
    }
},
{
    "model": "concesionario.mantenimiento",
    "pk": 14,
    "fields": {
        "coche": 2,
        "fecha_mantenimiento": "1998-07-15",
        "descripcion": "Star agency at education blue. Rate eat yes because mission simple ground.\nList according they special check. Various arm leave hospital want address.",
        "costo": "0.93"
    }
},
{
    "model": "concesionario.mantenimiento",
    "pk": 15,
    "fields": {
        "coche": 13,
        "fecha_mantenimiento": "2021-12-10",
        "descripcion": "Story create piece continue. Political site player as majority character know nation.\nOrder majority week nor night reveal western. Million guess point cut summer.",
        "costo": "0.13"
    }
},
{
    "model": "concesionario.direccioncliente",
    "pk": 1,
    "fields": {
        "cliente": 11,
        "calle": "Staff art later take mother push especially. Prove agreement recognize throw.",
        "ciudad": "Bed you understand level certain only.",
        "codigo_postal": "Put.",
        "pais": "She different size this people. Husband you near."
    }
},
{
    "model": "concesionario.direccioncliente",
    "pk": 2,
    "fields": {
        "cliente": 6,
        "calle": "Democrat cut time image. Court marriage occur pattern become manager determine.",
        "ciudad": "Hair before laugh require.",
        "codigo_postal": "Wear.",
        "pais": "Determine down fine low suffer fear."
    }
},
{
    "model": "concesionario.direccioncliente",
    "pk": 3,
    "fields": {
        "cliente": 9,
        "calle": "Finish probably consumer money once money. Organization training while government kid.",
        "ciudad": "Real them single live. Capital owner sort vote.",
        "codigo_postal": "Member.",
        "pais": "Little all nice put entire thing with receive."
    }
},
{
    "model": "concesionario.direccioncliente",
    "pk": 4,
    "fields": {
        "cliente": 8,
        "calle": "Want again art music especially attention left. Available president up our employee plan.",
        "ciudad": "Commercial risk make bar guess.",
        "codigo_postal": "Attorney.",
        "pais": "Really executive board option figure."
    }
},
{
    "model": "concesionario.direccioncliente",
    "pk": 5,
    "fields": {
        "cliente": 13,
        "calle": "Far own tell believe citizen name same. Put town present culture Mr explain.",
        "ciudad": "Even throw their none hair create.",
        "codigo_postal": "Marriage.",
        "pais": "Raise interest reflect reach note baby."
    }
},
{
    "model": "concesionario.direccioncliente",
    "pk": 6,
    "fields": {
        "cliente": 4,
        "calle": "Information go live consider. Which age size mention speak security. Us resource food quickly.",
        "ciudad": "Need actually between into major.",
        "codigo_postal": "Lawyer.",
        "pais": "Or result glass task evidence decision."
    }
},
{
    "model": "concesionario.direccioncliente",
    "pk": 7,
    "fields": {
        "cliente": 15,
        "calle": "Ok no travel treat top. Source check performance then. Why author able discover herself.",
        "ciudad": "Put government knowledge modern quite.",
        "codigo_postal": "Dark.",
        "pais": "Hair include change my. At real kind yeah top."
    }
},
{
    "model": "concesionario.direccioncliente",
    "pk": 8,
    "fields": {
        "cliente": 7,
        "calle": "Most technology mention raise shoulder. Third book deep community pattern soon bank.",
        "ciudad": "Every maintain get carry. News question case.",
        "codigo_postal": "Truth.",
        "pais": "Surface eight tree civil about."
    }
},
{
    "model": "concesionario.direccioncliente",
    "pk": 9,
    "fields": {
        "cliente": 14,
        "calle": "Role occur edge unit know huge account.",
        "ciudad": "Next not management gun performance market.",
        "codigo_postal": "Four.",
        "pais": "Player feel role couple."
    }
},
{
    "model": "concesionario.direccioncliente",
    "pk": 10,
    "fields": {
        "cliente": 1,
        "calle": "Remember with author play build guess worker. Her quite positive everyone.",
        "ciudad": "Serious offer so entire huge quickly cut allow.",
        "codigo_postal": "Increase.",
        "pais": "Wear blood government. Teach central yard."
    }
},
{
    "model": "concesionario.direccioncliente",
    "pk": 11,
    "fields": {
        "cliente": 12,
        "calle": "Mind down Mrs pattern for.",
        "ciudad": "Collection up career hotel send quality change.",
        "codigo_postal": "A modern.",
        "pais": "Authority rate see. Myself consumer think crime."
    }
},
{
    "model": "concesionario.direccioncliente",
    "pk": 12,
    "fields": {
        "cliente": 10,
        "calle": "Box worker Republican possible. Society son take cell method bed free organization.",
        "ciudad": "Skill ok let church point.",
        "codigo_postal": "Myself.",
        "pais": "Window foot case throughout."
    }
},
{
    "model": "concesionario.direccioncliente",
    "pk": 13,
    "fields": {
        "cliente": 2,
        "calle": "Too into weight marriage within. Ever state remember interview. Management under if end time.",
        "ciudad": "Inside design eight strong face.",
        "codigo_postal": "Buy care.",
        "pais": "Chance us either. Glass move including."
    }
},
{
    "model": "concesionario.direccioncliente",
    "pk": 14,
    "fields": {
        "cliente": 3,
        "calle": "Program group couple himself break ask letter. Member attack nothing.",
        "ciudad": "Too kid material.",
        "codigo_postal": "Arrive.",
        "pais": "Ever drug example people child."
    }
},
{
    "model": "concesionario.direccioncliente",
    "pk": 15,
    "fields": {
        "cliente": 5,
        "calle": "Move debate physical. Lot before work agent. Purpose book environment some force to.",
        "ciudad": "Nothing Mrs but hour serious character.",
        "codigo_postal": "Air.",
        "pais": "This rich information field doctor."
    }
},
{
    "model": "concesionario.testdrive",
    "pk": 1,
    "fields": {
        "cliente": 15,
        "coche": 5,
        "fecha": "2014-07-01",
        "duracion": -17224
    }
},
{
    "model": "concesionario.testdrive",
    "pk": 2,
    "fields": {
        "cliente": 9,
        "coche": 3,
        "fecha": "2020-03-02",
        "duracion": -8509
    }
},
{
    "model": "concesionario.testdrive",
    "pk": 3,
    "fields": {
        "cliente": 4,
        "coche": 13,
        "fecha": "1972-05-08",
        "duracion": -5187
    }
},
{
    "model": "concesionario.testdrive",
    "pk": 4,
    "fields": {
        "cliente": 15,
        "coche": 14,
        "fecha": "1990-09-12",
        "duracion": 21758
    }
},
{
    "model": "concesionario.testdrive",
    "pk": 5,
    "fields": {
        "cliente": 13,
        "coche": 9,
        "fecha": "1980-02-06",
        "duracion": -5105
    }
},
{
    "model": "concesionario.testdrive",
    "pk": 6,
    "fields": {
        "cliente": 11,
        "coche": 9,
        "fecha": "2009-08-02",
        "duracion": -92
    }
},
{
    "model": "concesionario.testdrive",
    "pk": 7,
    "fields": {
        "cliente": 1,
        "coche": 2,
        "fecha": "2022-09-06",
        "duracion": 2369
    }
},
{
    "model": "concesionario.testdrive",
    "pk": 8,
    "fields": {
        "cliente": 6,
        "coche": 10,
        "fecha": "1993-04-13",
        "duracion": 11249
    }
},
{
    "model": "concesionario.testdrive",
    "pk": 9,
    "fields": {
        "cliente": 3,
        "coche": 14,
        "fecha": "1986-06-19",
        "duracion": -26205
    }
},
{
    "model": "concesionario.testdrive",
    "pk": 10,
    "fields": {
        "cliente": 13,
        "coche": 14,
        "fecha": "2016-10-28",
        "duracion": 20053
    }
},
{
    "model": "concesionario.testdrive",
    "pk": 11,
    "fields": {
        "cliente": 5,
        "coche": 11,
        "fecha": "1976-12-27",
        "duracion": -23344
    }
},
{
    "model": "concesionario.testdrive",
    "pk": 12,
    "fields": {
        "cliente": 12,
        "coche": 7,
        "fecha": "2012-09-08",
        "duracion": 19187
    }
},
{
    "model": "concesionario.testdrive",
    "pk": 13,
    "fields": {
        "cliente": 14,
        "coche": 3,
        "fecha": "1985-03-06",
        "duracion": 26373
    }
},
{
    "model": "concesionario.testdrive",
    "pk": 14,
    "fields": {
        "cliente": 3,
        "coche": 1,
        "fecha": "1997-12-29",
        "duracion": 5726
    }
},
{
    "model": "concesionario.testdrive",
    "pk": 15,
    "fields": {
        "cliente": 12,
        "coche": 13,
        "fecha": "1996-12-04",
        "duracion": 21337
    }
},
{
    "model": "concesionario.categoriacoche",
    "pk": 1,
    "fields": {
        "nombre": "Land couple list politics instead growth.",
        "descripcion": "Able hour court address. Seat door offer sound entire environment network nothing.\nThan miss base cause. Receive million trouble life against. Animal such TV smile.",
        "coches": [
            1,
            11,
            12
        ]
    }
},
{
    "model": "concesionario.categoriacoche",
    "pk": 2,
    "fields": {
        "nombre": "Attorney protect why former majority agency.",
        "descripcion": "Congress moment population response. Upon make something line character nature.\nEmployee major whole sense. Shoulder parent listen require. Drive next style operation now thank chair.",
        "coches": [
            2,
            6,
            11,
            15
        ]
    }
},
{
    "model": "concesionario.categoriacoche",
    "pk": 3,
    "fields": {
        "nombre": "Put pressure process child agree material street.",
        "descripcion": "Dinner thousand site job. Store type mission the item sure assume.\nScore view able sense. Rest onto popular lot set pretty. Structure discussion around success product somebody even how.",
        "coches": [
            10,
            15
        ]
    }
},
{
    "model": "concesionario.categoriacoche",
    "pk": 4,
    "fields": {
        "nombre": "Skin free research job.",
        "descripcion": "List view walk beat. Respond want nearly without.\nStaff white respond five degree expert may. Change Mrs need.",
        "coches": [
            1,
            8,
            11
        ]
    }
},
{
    "model": "concesionario.categoriacoche",
    "pk": 5,
    "fields": {
        "nombre": "Soldier build kitchen bed.",
        "descripcion": "Eat rule play perform million five book home. Bit suddenly kitchen material responsibility voice task.",
        "coches": [
            5,
            8
        ]
    }
},
{
    "model": "concesionario.categoriacoche",
    "pk": 6,
    "fields": {
        "nombre": "Include close list meet.",
        "descripcion": "Which ready detail. Leg phone ball window member cover always hard. Some thus be executive pass debate drop. Maybe structure great.\nBorn success around once. Ground evening sound plan against.",
        "coches": [
            8,
            12
        ]
    }
},
{
    "model": "concesionario.categoriacoche",
    "pk": 7,
    "fields": {
        "nombre": "Goal anything enter per none.",
        "descripcion": "Any course fact degree from. Present city owner can forget.\nIt company what again customer store keep. Model either half accept. Down know want security recently include generation.",
        "coches": [
            1
        ]
    }
},
{
    "model": "concesionario.categoriacoche",
    "pk": 8,
    "fields": {
        "nombre": "Series rate agree result part pick.",
        "descripcion": "With blue what head behind.\nPersonal before check today air social. Audience over end as take box entire vote. Successful might rise floor real.",
        "coches": [
            11,
            14
        ]
    }
},
{
    "model": "concesionario.categoriacoche",
    "pk": 9,
    "fields": {
        "nombre": "Him meet among station role make.",
        "descripcion": "Student scene agree popular support style. Democrat outside evening young. Development matter far agent wide organization.",
        "coches": [
            2,
            10,
            14
        ]
    }
},
{
    "model": "concesionario.categoriacoche",
    "pk": 10,
    "fields": {
        "nombre": "Late her financial shake walk.",
        "descripcion": "Follow approach environment call. Stage peace real easy manage.\nHusband film music we.",
        "coches": [
            1,
            14
        ]
    }
},
{
    "model": "concesionario.categoriacoche",
    "pk": 11,
    "fields": {
        "nombre": "Church PM return skin.",
        "descripcion": "Partner cover participant in result ahead serve.\nMany because top every one community college. Film total mention north federal. Plant idea hospital first experience stuff.",
        "coches": [
            10,
            14
        ]
    }
},
{
    "model": "concesionario.categoriacoche",
    "pk": 12,
    "fields": {
        "nombre": "Appear recently appear either series lay.",
        "descripcion": "State stay stay Mr. Authority personal drug.\nWide skill program reason suggest share important too.",
        "coches": [
            3,
            6
        ]
    }
},
{
    "model": "concesionario.categoriacoche",
    "pk": 13,
    "fields": {
        "nombre": "Detail fact training fill they store friend easy.",
        "descripcion": "Close success prevent everything. Deep establish per of baby turn.\nBuilding personal today he go certain white. Dark bank section list book authority.",
        "coches": [
            2,
            4,
            15
        ]
    }
},
{
    "model": "concesionario.categoriacoche",
    "pk": 14,
    "fields": {
        "nombre": "Student kitchen accept pull century.",
        "descripcion": "Threat simple say sound we. Chair head upon old. Mouth how professor million.\nImagine whole task generation feeling determine. Bring party property. Technology recently right allow.",
        "coches": [
            2,
            4,
            8,
            13
        ]
    }
},
{
    "model": "concesionario.categoriacoche",
    "pk": 15,
    "fields": {
        "nombre": "Need reflect hundred involve.",
        "descripcion": "Without decide professional order.\nPopulation painting impact get kid. High result treat good.\nScene west without no. Carry gas sister who knowledge. Course form month politics choice.",
        "coches": [
            9,
            13,
            14
        ]
    }
}
]
